<?xml version="1.0" encoding="UTF-8"?>
<GenRun Id="impl_1" LaunchPart="xc7a200tfbg676-2" LaunchTime="1683612064">
  <File Type="ROUTE-PWR" Name="shifter_display_power_routed.rpt"/>
  <File Type="PA-TCL" Name="shifter_display.tcl"/>
  <File Type="BITSTR-MMI" Name="shifter_display.mmi"/>
  <File Type="OPT-METHODOLOGY-DRC" Name="shifter_display_methodology_drc_opted.rpt"/>
  <File Type="INIT-TIMING" Name="shifter_display_timing_summary_init.rpt"/>
  <File Type="ROUTE-PWR-SUM" Name="shifter_display_power_summary_routed.pb"/>
  <File Type="REPORTS-TCL" Name="shifter_display_reports.tcl"/>
  <File Type="OPT-TIMING" Name="shifter_display_timing_summary_opted.rpt"/>
  <File Type="OPT-DCP" Name="shifter_display_opt.dcp"/>
  <File Type="OPT-DRC" Name="shifter_display_drc_opted.rpt"/>
  <File Type="OPT-HWDEF" Name="shifter_display.hwdef"/>
  <File Type="PWROPT-DCP" Name="shifter_display_pwropt.dcp"/>
  <File Type="PWROPT-DRC" Name="shifter_display_drc_pwropted.rpt"/>
  <File Type="PWROPT-TIMING" Name="shifter_display_timing_summary_pwropted.rpt"/>
  <File Type="PLACE-DCP" Name="shifter_display_placed.dcp"/>
  <File Type="PLACE-IO" Name="shifter_display_io_placed.rpt"/>
  <File Type="PLACE-CLK" Name="shifter_display_clock_utilization_placed.rpt"/>
  <File Type="PLACE-UTIL" Name="shifter_display_utilization_placed.rpt"/>
  <File Type="PLACE-UTIL-PB" Name="shifter_display_utilization_placed.pb"/>
  <File Type="PLACE-CTRL" Name="shifter_display_control_sets_placed.rpt"/>
  <File Type="PLACE-SIMILARITY" Name="shifter_display_incremental_reuse_placed.rpt"/>
  <File Type="PLACE-PRE-SIMILARITY" Name="shifter_display_incremental_reuse_pre_placed.rpt"/>
  <File Type="BG-BIN" Name="shifter_display.bin"/>
  <File Type="PLACE-TIMING" Name="shifter_display_timing_summary_placed.rpt"/>
  <File Type="POSTPLACE-PWROPT-DCP" Name="shifter_display_postplace_pwropt.dcp"/>
  <File Type="BITSTR-MSK" Name="shifter_display.msk"/>
  <File Type="POSTPLACE-PWROPT-TIMING" Name="shifter_display_timing_summary_postplace_pwropted.rpt"/>
  <File Type="PHYSOPT-DCP" Name="shifter_display_physopt.dcp"/>
  <File Type="PHYSOPT-DRC" Name="shifter_display_drc_physopted.rpt"/>
  <File Type="BITSTR-RBT" Name="shifter_display.rbt"/>
  <File Type="PHYSOPT-TIMING" Name="shifter_display_timing_summary_physopted.rpt"/>
  <File Type="ROUTE-ERROR-DCP" Name="shifter_display_routed_error.dcp"/>
  <File Type="ROUTE-DCP" Name="shifter_display_routed.dcp"/>
  <File Type="ROUTE-BLACKBOX-DCP" Name="shifter_display_routed_bb.dcp"/>
  <File Type="ROUTE-DRC" Name="shifter_display_drc_routed.rpt"/>
  <File Type="ROUTE-DRC-PB" Name="shifter_display_drc_routed.pb"/>
  <File Type="ROUTE-DRC-RPX" Name="shifter_display_drc_routed.rpx"/>
  <File Type="ROUTE-METHODOLOGY-DRC" Name="shifter_display_methodology_drc_routed.rpt"/>
  <File Type="ROUTE-METHODOLOGY-DRC-RPX" Name="shifter_display_methodology_drc_routed.rpx"/>
  <File Type="ROUTE-METHODOLOGY-DRC-PB" Name="shifter_display_methodology_drc_routed.pb"/>
  <File Type="ROUTE-PWR-RPX" Name="shifter_display_power_routed.rpx"/>
  <File Type="ROUTE-STATUS" Name="shifter_display_route_status.rpt"/>
  <File Type="ROUTE-STATUS-PB" Name="shifter_display_route_status.pb"/>
  <File Type="ROUTE-TIMINGSUMMARY" Name="shifter_display_timing_summary_routed.rpt"/>
  <File Type="ROUTE-TIMING-PB" Name="shifter_display_timing_summary_routed.pb"/>
  <File Type="ROUTE-TIMING-RPX" Name="shifter_display_timing_summary_routed.rpx"/>
  <File Type="ROUTE-SIMILARITY" Name="shifter_display_incremental_reuse_routed.rpt"/>
  <File Type="ROUTE-CLK" Name="shifter_display_clock_utilization_routed.rpt"/>
  <File Type="ROUTE-BUS-SKEW" Name="shifter_display_bus_skew_routed.rpt"/>
  <File Type="ROUTE-BUS-SKEW-PB" Name="shifter_display_bus_skew_routed.pb"/>
  <File Type="ROUTE-BUS-SKEW-RPX" Name="shifter_display_bus_skew_routed.rpx"/>
  <File Type="POSTROUTE-PHYSOPT-DCP" Name="shifter_display_postroute_physopt.dcp"/>
  <File Type="POSTROUTE-PHYSOPT-BLACKBOX-DCP" Name="shifter_display_postroute_physopt_bb.dcp"/>
  <File Type="POSTROUTE-PHYSOPT-TIMING" Name="shifter_display_timing_summary_postroute_physopted.rpt"/>
  <File Type="POSTROUTE-PHYSOPT-TIMING-PB" Name="shifter_display_timing_summary_postroute_physopted.pb"/>
  <File Type="POSTROUTE-PHYSOPT-TIMING-RPX" Name="shifter_display_timing_summary_postroute_physopted.rpx"/>
  <File Type="POSTROUTE-PHYSOPT-BUS-SKEW" Name="shifter_display_bus_skew_postroute_physopted.rpt"/>
  <File Type="BG-BIT" Name="shifter_display.bit"/>
  <File Type="POSTROUTE-PHYSOPT-BUS-SKEW-PB" Name="shifter_display_bus_skew_postroute_physopted.pb"/>
  <File Type="POSTROUTE-PHYSOPT-BUS-SKEW-RPX" Name="shifter_display_bus_skew_postroute_physopted.rpx"/>
  <File Type="BITSTR-NKY" Name="shifter_display.nky"/>
  <File Type="BITSTR-BMM" Name="shifter_display_bd.bmm"/>
  <File Type="PDI-FILE" Name="shifter_display.pdi"/>
  <File Type="RCFI_FILE" Name="shifter_display.rcfi"/>
  <File Type="CFI_FILE" Name="shifter_display.cfi"/>
  <File Type="RNPI_FILE" Name="shifter_display.rnpi"/>
  <File Type="NPI_FILE" Name="shifter_display.npi"/>
  <File Type="RBD_FILE" Name="shifter_display.rbd"/>
  <File Type="BITSTR-LTX" Name="debug_nets.ltx"/>
  <File Type="BITSTR-LTX" Name="shifter_display.ltx"/>
  <File Type="BITSTR-SYSDEF" Name="shifter_display.sysdef"/>
  <File Type="BG-BGN" Name="shifter_display.bgn"/>
  <File Type="BG-DRC" Name="shifter_display.drc"/>
  <File Type="RDI-RDI" Name="shifter_display.vdi"/>
  <File Type="WBT-USG" Name="usage_statistics_webtalk.html"/>
  <File Type="ROUTE-RQS" Name="shifter_display_routed.rqs"/>
  <File Type="POSTROUTE-PHYSOPT-RQS" Name="shifter_display_postroute_physopted.rqs"/>
  <File Type="ROUTE-RQS-RPT" Name="route_report_qor_suggestions_0.rpt"/>
  <File Type="POSTROUTE-PHYSOPT-RQS-RPT" Name="postroute_physopt_report_qor_suggestions_0.rpt"/>
  <FileSet Name="sources" Type="DesignSrcs" RelSrcDir="$PSRCDIR/sources_1" RelGenDir="$PGENDIR/sources_1">
    <Filter Type="Srcs"/>
    <File Path="$PPRDIR/../lcd_module.dcp">
      <FileInfo>
        <Attr Name="UsedIn" Val="synthesis"/>
        <Attr Name="UsedIn" Val="implementation"/>
      </FileInfo>
    </File>
    <File Path="$PPRDIR/../shifter.v">
      <FileInfo>
        <Attr Name="UsedIn" Val="synthesis"/>
        <Attr Name="UsedIn" Val="implementation"/>
        <Attr Name="UsedIn" Val="simulation"/>
      </FileInfo>
    </File>
    <File Path="$PPRDIR/../shifter_display.v">
      <FileInfo>
        <Attr Name="UsedIn" Val="synthesis"/>
        <Attr Name="UsedIn" Val="implementation"/>
        <Attr Name="UsedIn" Val="simulation"/>
      </FileInfo>
    </File>
    <Config>
      <Option Name="DesignMode" Val="RTL"/>
      <Option Name="TopModule" Val="shifter_display"/>
      <Option Name="TopAutoSet" Val="TRUE"/>
    </Config>
  </FileSet>
  <FileSet Name="constrs_in" Type="Constrs" RelSrcDir="$PSRCDIR/constrs_1">
    <Filter Type="Constrs"/>
    <File Path="$PPRDIR/../shifter.xdc">
      <FileInfo>
        <Attr Name="UsedIn" Val="synthesis"/>
        <Attr Name="UsedIn" Val="implementation"/>
      </FileInfo>
    </File>
    <Config>
      <Option Name="ConstrsType" Val="XDC"/>
    </Config>
  </FileSet>
  <FileSet Name="utils" Type="Utils" RelSrcDir="$PSRCDIR/utils_1">
    <Filter Type="Utils"/>
    <Config>
      <Option Name="TopAutoSet" Val="TRUE"/>
    </Config>
  </FileSet>
  <Strategy Version="1" Minor="2">
    <StratHandle Name="Vivado Implementation Defaults" Flow="Vivado Implementation 2019"/>
    <Step Id="init_design"/>
    <Step Id="opt_design"/>
    <Step Id="power_opt_design"/>
    <Step Id="place_design"/>
    <Step Id="post_place_power_opt_design"/>
    <Step Id="phys_opt_design" EnableStepBool="1"/>
    <Step Id="route_design"/>
    <Step Id="post_route_phys_opt_design"/>
    <Step Id="write_bitstream"/>
  </Strategy>
</GenRun>
