<?xml version="1.0" encoding="UTF-8"?>
<GenRun Id="impl_1" LaunchPart="xc7a200tfbg676-2" LaunchTime="1684165193">
  <File Type="ROUTE-PWR" Name="sqdetector_display_power_routed.rpt"/>
  <File Type="PA-TCL" Name="sqdetector_display.tcl"/>
  <File Type="ROUTE-PWR-SUM" Name="sqdetector_display_power_summary_routed.pb"/>
  <File Type="REPORTS-TCL" Name="sqdetector_display_reports.tcl"/>
  <File Type="BITSTR-MSK" Name="sqdetector_display.msk"/>
  <File Type="ROUTE-CLK" Name="sqdetector_display_clock_utilization_routed.rpt"/>
  <File Type="RDI-RDI" Name="sqdetector_display.vdi"/>
  <File Type="BG-BIT" Name="sqdetector_display.bit"/>
  <File Type="BG-DRC" Name="sqdetector_display.drc"/>
  <File Type="BG-BGN" Name="sqdetector_display.bgn"/>
  <File Type="BG-BIN" Name="sqdetector_display.bin"/>
  <File Type="BITSTR-RBT" Name="sqdetector_display.rbt"/>
  <File Type="BITSTR-NKY" Name="sqdetector_display.nky"/>
  <File Type="BITSTR-BMM" Name="sqdetector_display_bd.bmm"/>
  <File Type="BITSTR-MMI" Name="sqdetector_display.mmi"/>
  <File Type="ROUTE-METHODOLOGY-DRC" Name="sqdetector_display_methodology_drc_routed.rpt"/>
  <File Type="BITSTR-SYSDEF" Name="sqdetector_display.sysdef"/>
  <File Type="ROUTE-METHODOLOGY-DRC-PB" Name="sqdetector_display_methodology_drc_routed.pb"/>
  <File Type="BITSTR-LTX" Name="sqdetector_display.ltx"/>
  <File Type="WBT-USG" Name="usage_statistics_webtalk.html"/>
  <File Type="OPT-DRC" Name="sqdetector_display_drc_opted.rpt"/>
  <File Type="OPT-HWDEF" Name="sqdetector_display.hwdef"/>
  <File Type="PLACE-IO" Name="sqdetector_display_io_placed.rpt"/>
  <File Type="PLACE-UTIL" Name="sqdetector_display_utilization_placed.rpt"/>
  <File Type="PLACE-UTIL-PB" Name="sqdetector_display_utilization_placed.pb"/>
  <File Type="PLACE-CTRL" Name="sqdetector_display_control_sets_placed.rpt"/>
  <File Type="PLACE-PRE-SIMILARITY" Name="sqdetector_display_incremental_reuse_pre_placed.rpt"/>
  <File Type="ROUTE-DRC" Name="sqdetector_display_drc_routed.rpt"/>
  <File Type="ROUTE-DRC-PB" Name="sqdetector_display_drc_routed.pb"/>
  <File Type="ROUTE-PWR-RPX" Name="sqdetector_display_power_routed.rpx"/>
  <File Type="ROUTE-STATUS" Name="sqdetector_display_route_status.rpt"/>
  <File Type="ROUTE-STATUS-PB" Name="sqdetector_display_route_status.pb"/>
  <File Type="ROUTE-DCP" Name="sqdetector_display_routed.dcp"/>
  <File Type="ROUTE-ERROR-DCP" Name="sqdetector_display_routed_error.dcp"/>
  <File Type="ROUTE-BLACKBOX-DCP" Name="sqdetector_display_routed_bb.dcp"/>
  <File Type="ROUTE-TIMINGSUMMARY" Name="sqdetector_display_timing_summary_routed.rpt"/>
  <File Type="ROUTE-TIMING-PB" Name="sqdetector_display_timing_summary_routed.pb"/>
  <File Type="ROUTE-TIMING-RPX" Name="sqdetector_display_timing_summary_routed.rpx"/>
  <File Type="ROUTE-BUS-SKEW" Name="sqdetector_display_bus_skew_routed.rpt"/>
  <File Type="ROUTE-BUS-SKEW-PB" Name="sqdetector_display_bus_skew_routed.pb"/>
  <File Type="ROUTE-BUS-SKEW-RPX" Name="sqdetector_display_bus_skew_routed.rpx"/>
  <File Type="OPT-DCP" Name="sqdetector_display_opt.dcp"/>
  <File Type="PLACE-DCP" Name="sqdetector_display_placed.dcp"/>
  <File Type="PWROPT-DCP" Name="sqdetector_display_pwropt.dcp"/>
  <File Type="POSTPLACE-PWROPT-DCP" Name="sqdetector_display_postplace_pwropt.dcp"/>
  <File Type="PHYSOPT-DCP" Name="sqdetector_display_physopt.dcp"/>
  <File Type="POSTROUTE-PHYSOPT-DCP" Name="sqdetector_display_postroute_physopt.dcp"/>
  <File Type="POSTROUTE-PHYSOPT-BLACKBOX-DCP" Name="sqdetector_display_postroute_physopt_bb.dcp"/>
  <File Type="ROUTE-DRC-RPX" Name="sqdetector_display_drc_routed.rpx"/>
  <File Type="ROUTE-METHODOLOGY-DRC-RPX" Name="sqdetector_display_methodology_drc_routed.rpx"/>
  <File Type="PDI-FILE" Name="sqdetector_display.pdi"/>
  <File Type="RCFI_FILE" Name="sqdetector_display.rcfi"/>
  <File Type="CFI_FILE" Name="sqdetector_display.cfi"/>
  <File Type="RNPI_FILE" Name="sqdetector_display.rnpi"/>
  <File Type="NPI_FILE" Name="sqdetector_display.npi"/>
  <File Type="RBD_FILE" Name="sqdetector_display.rbd"/>
  <FileSet Name="sources" Type="DesignSrcs" RelSrcDir="$PSRCDIR/sources_1" RelGenDir="$PGENDIR/sources_1">
    <Filter Type="Srcs"/>
    <File Path="$PSRCDIR/sources_1/imports/sedetector/lcd_module.dcp">
      <FileInfo>
        <Attr Name="ImportPath" Val="$PPRDIR/../lcd_module.dcp"/>
        <Attr Name="ImportTime" Val="1684213598"/>
        <Attr Name="UsedIn" Val="synthesis"/>
        <Attr Name="UsedIn" Val="implementation"/>
      </FileInfo>
    </File>
    <File Path="$PPRDIR/../sequencer.v">
      <FileInfo>
        <Attr Name="UsedIn" Val="synthesis"/>
        <Attr Name="UsedIn" Val="implementation"/>
        <Attr Name="UsedIn" Val="simulation"/>
      </FileInfo>
    </File>
    <File Path="$PPRDIR/../sqdetector.v">
      <FileInfo>
        <Attr Name="UsedIn" Val="synthesis"/>
        <Attr Name="UsedIn" Val="implementation"/>
        <Attr Name="UsedIn" Val="simulation"/>
      </FileInfo>
    </File>
    <File Path="$PPRDIR/../sqdetector_display.v">
      <FileInfo>
        <Attr Name="UsedIn" Val="synthesis"/>
        <Attr Name="UsedIn" Val="implementation"/>
        <Attr Name="UsedIn" Val="simulation"/>
      </FileInfo>
    </File>
    <Config>
      <Option Name="DesignMode" Val="RTL"/>
      <Option Name="TopModule" Val="sqdetector_display"/>
      <Option Name="TopAutoSet" Val="TRUE"/>
    </Config>
  </FileSet>
  <FileSet Name="constrs_in" Type="Constrs" RelSrcDir="$PSRCDIR/constrs_1">
    <Filter Type="Constrs"/>
    <File Path="$PPRDIR/../sqdetector_display.xdc">
      <FileInfo>
        <Attr Name="UsedIn" Val="synthesis"/>
        <Attr Name="UsedIn" Val="implementation"/>
      </FileInfo>
    </File>
    <Config>
      <Option Name="ConstrsType" Val="XDC"/>
    </Config>
  </FileSet>
  <FileSet Name="utils" Type="Utils" RelSrcDir="$PSRCDIR/utils_1">
    <Filter Type="Utils"/>
    <Config>
      <Option Name="TopAutoSet" Val="TRUE"/>
    </Config>
  </FileSet>
  <Strategy Version="1" Minor="2">
    <StratHandle Name="Vivado Implementation Defaults" Flow="Vivado Implementation 2019"/>
    <Step Id="init_design"/>
    <Step Id="opt_design"/>
    <Step Id="power_opt_design"/>
    <Step Id="place_design"/>
    <Step Id="post_place_power_opt_design"/>
    <Step Id="phys_opt_design" EnableStepBool="1"/>
    <Step Id="route_design"/>
    <Step Id="post_route_phys_opt_design"/>
    <Step Id="write_bitstream"/>
    <Step Id="write_device_image"/>
  </Strategy>
</GenRun>
